{
    "Center": {
        "x": 287.2345224043584,
        "y": 306.5464003600061
    }
}